open_covid_region_code,date,symptom:Allergic conjunctivitis,symptom:Angular cheilitis,symptom:Aphonia,symptom:Auditory hallucination,symptom:Burning Chest Pain,symptom:Clouding of consciousness,symptom:Crackles,symptom:Crepitus,symptom:Depersonalization,symptom:Dysautonomia,symptom:Epiphora,symptom:Hemolysis,symptom:Laryngitis,symptom:Myoclonus,symptom:Nasal polyp,symptom:Polydipsia,symptom:Pulmonary edema,symptom:Rectal pain,symptom:Rumination,symptom:Shallow breathing,symptom:Stridor,symptom:Urinary urgency,symptom:Ventricular fibrillation,symptom:Viral pneumonia,hospitalizations
US-ME,2020-03-30,1.132585751978892,0.6592920353982301,0.7733746130030961,,1.6072847682119205,,1.5283620140216698,,,0.6530181511186154,,1.3329073482428115,1.3199436222692038,0.928759894459103,,1.2528428093645485,,0.7539851222104144,,2.047207446808511,1.4809951624049758,0.9224629418472065,0.8499697519661222,4.046309696092619,86.0
US-ME,2020-04-06,1.2262532981530343,0.7610619469026549,0.8154798761609908,,1.1920529801324504,,1.3709369024856597,,,0.5500211059518784,,1.3744408945686901,1.3925299506694857,1.0427440633245384,,1.1846153846153846,,0.9564293304994687,,1.6735372340425534,1.65860400829302,0.709236031927024,0.9116757410768299,2.837916063675832,34.0
US-ME,2020-04-13,0.816622691292876,1.0940265486725664,0.855108359133127,,1.1496688741721854,,1.079668578712556,,,0.7150696496411988,,1.3277955271565496,0.8625792811839323,1.2089709762532983,,1.1331103678929768,,0.8092454835281615,,1.4381648936170213,0.9343469246717345,0.998289623717218,0.9473684210526315,2.3270622286541243,16.0
US-ME,2020-04-20,1.1536939313984167,1.0,0.6185758513931889,,1.119205298013245,,1.2931803696622053,,,0.7695230054875475,,1.2677316293929712,1.2015503875968994,1.0548812664907652,,0.9438127090301004,,1.0,,1.3490691489361701,1.1278507256392536,0.9720638540478906,0.6581972171808832,1.7018813314037626,23.0
US-ME,2020-04-27,0.9940633245382586,0.9209070796460177,0.5065015479876162,,0.9602649006622517,,1.0522625876354368,,,0.7695230054875475,,1.2568690095846646,0.9506694855532065,0.9013192612137203,,1.1043478260869566,,0.8926673751328374,,0.9448138297872342,1.2204561161022804,0.8757126567844926,0.9292196007259527,1.496382054992764,24.0
US-ME,2020-05-04,1.103562005277045,0.989491150442478,0.8575851393188855,,0.9649006622516557,,1.4710006373486297,,,0.8159560996200927,,1.419808306709265,1.0676532769556026,0.8680738786279684,,0.8394648829431439,,1.0116896918172156,,1.189494680851064,1.1962681409813405,1.0689851767388827,0.8638838475499092,1.4616497829232995,16.0
US-ME,2020-05-11,1.1147757255936674,0.9834070796460178,0.7461300309597524,,1.090066225165563,,0.7680050987890377,,,0.7691008864499788,,0.9111821086261981,0.6215644820295984,0.6591029023746702,,0.9538461538461539,,1.030818278427205,,1.1529255319148937,1.0663441603317207,0.8546180159635121,0.5420447670901392,1.0,17.0
US-ME,2020-05-18,1.8060686015831133,0.8750000000000001,0.42352941176470593,,0.8258278145695365,,0.804333970681963,,,0.8666103841283241,,0.8651757188498402,0.6215644820295984,1.091292875989446,,1.0173913043478262,,0.9537725823591923,,0.9707446808510639,1.0511402902557014,0.7194982896237172,0.8650937689050212,0.9030390738060782,36.0
US-ME,2020-05-25,2.007915567282322,0.7876106194690267,0.7058823529411765,,0.6456953642384106,,0.621414913957935,,,0.8733642887294217,,1.1399361022364216,0.46511627906976744,0.8226912928759895,,0.7424749163879599,,0.9798087141339001,,0.9275265957446809,0.9122322045611609,1.0,0.9068360556563823,,31.0
US-ME,2020-06-01,1.1635883905013193,0.836283185840708,0.6148606811145512,,0.8245033112582781,,0.6424474187380498,,,0.857323765301815,,0.8715654952076678,0.8985200845665963,0.8686015831134566,,0.7638795986622073,,0.9373007438894793,,0.8577127659574468,0.8811333794056668,0.8962371721778792,0.8433151845130066,0.9232995658465991,15.0
US-ME,2020-06-08,1.0230870712401055,0.7494469026548674,0.5876160990712075,,0.7582781456953642,,0.9789674952198852,,,1.0996200928661883,,0.8370607028753994,0.7639182522903454,1.1282321899736147,,0.6548494983277592,,0.9442082890541976,,0.8510638297872342,0.9889426399447132,0.8928164196123147,1.6581972171808832,,16.0
US-ME,2020-06-15,1.4096306068601583,0.7909292035398231,0.5808049535603717,,0.6112582781456954,,0.8425748884639899,,,1.0772477838750527,,0.8939297124600639,1.029598308668076,0.9250659630606861,,0.7096989966555184,,1.1599362380446332,,0.8789893617021277,0.9564616447823082,1.017103762827822,1.6091954022988506,0.934876989869754,22.0
US-ME,2020-06-22,1.2816622691292876,0.36393805309734517,0.4532507739938081,,0.9403973509933775,,1.0,,,0.48585901224145206,,0.5348242811501597,0.9055673009161381,1.2538258575197891,,1.0,,1.0563230605738576,,1.0332446808510638,0.9502418797512093,1.0992018244013684,1.4646098003629764,,10.0
US-ME,2020-06-29,1.1154353562005277,0.9513274336283186,0.7919504643962848,,1.2264900662251657,,0.7029955385595921,,,1.1295905445335586,,0.8645367412140574,0.7047216349541932,0.9467018469656993,,0.9050167224080268,,0.9606801275239106,,0.9188829787234043,1.0670352453351761,1.1316989737742305,1.1119177253478523,1.0217076700434153,13.0
US-ME,2020-07-06,0.8443271767810027,1.097345132743363,0.6321981424148608,,1.0,,0.9069471000637349,,,0.946813001266357,,0.8728434504792332,1.266384778012685,0.8728232189973615,,1.0387959866220735,,0.9628055260361318,,1.1090425531914894,0.7747062888735314,1.0079817559863171,1.0871143375680579,0.9985528219971057,12.0
US-ME,2020-07-13,0.9346965699208443,0.8877212389380532,0.8328173374613004,,1.043708609271523,,0.691523263224984,,,1.147741663149008,,0.9610223642172523,0.8562367864693446,1.0,,0.9384615384615385,,1.0217853347502657,,1.0,0.9295093296475465,1.096351197263398,1.1113127646702965,1.0260492040520983,4.0
US-ME,2020-07-20,1.2618733509234827,1.1382743362831858,0.843343653250774,,0.8827814569536424,,0.775653282345443,,,1.308991135500211,,1.0,1.0930232558139534,1.0554089709762533,,0.9498327759197325,,1.1705632306057385,,1.0984042553191489,0.9212163096060815,0.983466362599772,1.0695704779189352,0.8596237337192475,6.0
US-ME,2020-07-27,0.7915567282321899,1.2881637168141593,1.0,,1.0410596026490067,,0.7922243467176545,,,1.326720135078092,,0.8031948881789137,0.9767441860465116,1.2437994722955146,,1.0321070234113712,,0.6604675876726886,,1.0352393617021278,0.9281271596406357,0.8717217787913341,0.9594676346037506,1.199710564399421,7.0
US-ME,2020-08-03,0.9327176781002638,0.5453539823008849,0.7164086687306502,,0.8609271523178809,,0.5920968769917144,,,1.2904178978471927,,0.8396166134185303,0.9866102889358703,1.1155672823218998,,0.8314381270903011,,1.0626992561105206,,0.9973404255319149,0.681409813407049,1.0262257696693273,1.0629159104658197,,5.0
US-ME,2020-08-10,0.996042216358839,1.0558628318584071,0.4674922600619195,,0.9529801324503312,,1.0624601657106438,,,1.3351625158294638,,1.0287539936102237,0.9534883720930233,1.0902374670184698,,0.7050167224080267,,1.1732199787460147,,1.0325797872340425,0.9847961299239806,0.8529076396807298,0.6721113127646702,1.195369030390738,7.0
US-ME,2020-08-17,0.9043535620052771,1.0978982300884959,0.8136222910216719,,0.7940397350993378,,0.8189929891650733,,,1.054875474883917,,0.8396166134185303,1.197322057787174,1.0395778364116095,,0.7163879598662208,,1.0318809776833158,,1.0252659574468086,0.8686938493434693,0.9441277080957811,0.7858439201451906,1.03328509406657,8.0
US-ME,2020-08-24,1.0,1.2262168141592922,0.573374613003096,,1.0039735099337748,,0.9305289993626514,,,1.143520472773322,,0.9865814696485622,1.1176885130373502,0.8443271767810027,,0.9010033444816055,,1.0738575982996812,,0.9800531914893618,0.9115411195577056,1.0079817559863171,0.8656987295825771,,12.0
US-ME,2020-08-31,0.8984168865435356,1.106194690265487,0.5442724458204334,,0.8549668874172186,,0.9311663479923518,,,1.0,,0.906070287539936,0.9097956307258633,0.9129287598944592,,1.0528428093645485,,0.8140276301806588,,0.8490691489361702,1.0,1.0752565564424172,1.1923774954627948,1.231548480463097,4.0
US-ME,2020-09-07,0.7730870712401056,1.157632743362832,0.4922600619195047,,1.0529801324503312,,1.2268961121733588,,,1.1954411143942592,,1.3373801916932906,0.9140239605355885,0.9572559366754618,,1.119732441471572,,1.0749202975557917,,0.8537234042553192,1.340013821700069,1.0501710376282785,1.3248638838475497,,7.0
US-ME,2020-09-14,0.7869393139841688,1.381637168141593,0.5671826625386998,,0.9649006622516557,,1.2644996813256852,,,0.7847192908400168,,2.136741214057508,1.3883016208597605,0.8638522427440634,,1.2066889632107023,,1.1503719447396386,,1.0977393617021278,1.2563925362819626,1.24230330672748,1.133091349062311,0.8842257597684515,8.0
US-ME,2020-09-21,0.8423482849604221,1.1211283185840708,0.7219814241486069,,1.1125827814569538,,1.0618228170809434,,,1.2950612072604473,,1.7833865814696486,0.8513037350246653,1.1941952506596305,,1.3190635451505017,,1.0180658873538788,,0.9142287234042553,1.5259156876295783,1.1396807297605474,1.0502117362371446,1.1447178002894356,6.0
US-ME,2020-09-28,0.7361477572559367,0.7389380530973452,0.5715170278637771,,0.8026490066225165,,1.3167622689611218,,,1.5639510341916418,,1.4523961661341853,1.0,1.1482849604221637,,1.0133779264214047,,0.9218916046758768,,0.9248670212765958,1.6275051831375258,1.0210946408209807,1.0,2.072358900144718,9.0
US-MT,2020-03-30,1.4768211920529801,0.9041994750656167,0.7282878411910669,0.9683153013910355,1.7587786259541984,0.6086601307189543,1.7354196301564722,0.6759639048400329,0.7667924528301887,0.6674876847290642,1.507343124165554,1.622222222222222,1.3831908831908835,1.0997596153846154,0.6321928460342147,1.261764705882353,1.871761658031088,0.9186483103879849,0.6626047220106626,1.7507246376811594,1.5637119113573406,,1.1581196581196582,,16.0
US-MT,2020-04-06,0.7897350993377482,0.9461942257217848,0.7220843672456576,0.6924265842349305,1.419847328244275,0.6560457516339868,1.372688477951636,0.8679245283018868,0.7464150943396227,0.6970443349753694,1.444592790387183,1.4651851851851854,1.641025641025641,1.174278846153846,0.47900466562986005,1.0602941176470588,1.4015544041450778,0.9173967459324155,0.7974105102817974,1.1289855072463768,1.0637119113573408,1.1788375558867363,0.9615384615384616,,23.0
US-MT,2020-04-13,1.064569536423841,0.6666666666666666,0.6997518610421836,0.8106646058732613,0.9984732824427481,0.5898692810457516,1.2034139402560455,1.07383100902379,1.02188679245283,0.8981937602627258,1.2496662216288383,1.9555555555555555,1.2692307692307694,1.0036057692307692,1.0,1.5264705882352942,1.928756476683938,1.3266583229036295,1.0312261995430312,0.9811594202898549,1.6398891966759004,0.8912071535022356,1.1253561253561255,,8.0
US-MT,2020-04-20,1.1225165562913908,1.1496062992125984,,0.6947449768160743,1.3557251908396948,0.8112745098039216,1.0796586059743953,0.5849056603773585,0.8550943396226415,0.7003284072249589,0.7489986648865153,1.471111111111111,1.1809116809116809,,0.7900466562986004,1.1161764705882353,1.4222797927461142,1.1113892365456821,1.0586443259710585,1.1681159420289855,1.245152354570637,1.4098360655737707,1.3817663817663817,,6.0
US-MT,2020-04-27,1.9867549668874172,1.1220472440944882,0.6339950372208437,0.9636785162287481,1.5786259541984733,1.0,1.2162162162162162,1.022969647251846,0.9683018867924529,0.6050903119868637,1.4753004005340455,1.2844444444444445,0.9316239316239316,1.0,0.8592534992223951,1.0308823529411764,1.0,1.309136420525657,0.7692307692307692,0.9811594202898549,,1.34575260804769,0.8461538461538463,,0
US-MT,2020-05-04,1.369205298013245,,0.7295285359801488,0.9080370942812983,1.299236641221374,0.9305555555555556,1.0910384068278804,1.0032813781788352,0.9230188679245284,1.0632183908045976,1.328437917222964,1.2962962962962963,1.0754985754985755,0.6201923076923077,0.8203732503888026,0.8823529411764706,1.1023316062176165,1.1101376720901126,0.8857578065498858,1.0246376811594202,1.2285318559556786,1.0,1.2977207977207976,,1.0
US-MT,2020-05-11,1.326158940397351,0.7532808398950132,,0.7666151468315302,1.0580152671755725,0.9861111111111112,1.0881934566145093,0.8728465955701395,0.6769811320754717,0.6970443349753694,1.3244325767690253,1.0622222222222222,0.7663817663817664,0.9050480769230769,0.8926905132192847,0.7735294117647059,0.9753886010362695,1.2565707133917394,0.9017517136329017,,1.1094182825484764,0.9090909090909091,1.7706552706552707,,1.0
US-MT,2020-05-18,0.9933774834437086,0.9803149606299212,,0.6816074188562598,0.7862595419847329,0.8308823529411764,1.0455192034139402,0.874487284659557,0.7124528301886792,0.8957307060755337,1.0467289719626167,1.1259259259259258,0.8034188034188035,1.0456730769230769,0.7527216174183515,0.8470588235294118,0.9676165803108808,1.3491864831038798,0.8583396801218582,0.9057971014492753,0.7299168975069251,0.9687034277198212,0.9601139601139602,,2.0
US-MT,2020-05-25,1.349337748344371,1.23753280839895,,0.46290571870170016,0.9923664122137404,0.8218954248366014,0.9786628733997155,0.8252666119770304,1.0,1.0459770114942528,0.9692923898531375,1.3022222222222222,0.7621082621082621,1.0408653846153846,0.6936236391912909,0.9176470588235295,1.089378238341969,1.11639549436796,0.8636709824828636,1.107246376811594,0.7409972299168975,0.9687034277198212,1.4330484330484332,,2.0
US-MT,2020-06-01,1.8940397350993377,0.7506561679790026,,0.749613601236476,1.1969465648854962,1.0261437908496733,1.0085348506401137,0.8876127973748975,0.7698113207547169,0.7963875205254515,1.1962616822429908,1.3451851851851853,1.0982905982905984,0.9266826923076923,0.7153965785381026,0.9882352941176471,1.1917098445595855,1.0125156445556946,0.5491241431835491,,1.051246537396122,1.07451564828614,1.1524216524216524,,2.0
US-MT,2020-06-08,2.491721854304636,0.9803149606299212,1.0347394540942927,1.0,1.0641221374045802,0.9150326797385621,,1.0,0.9577358490566037,0.8784893267651888,1.528704939919893,1.842962962962963,0.8148148148148149,0.9266826923076923,0.6290824261275272,,1.0958549222797929,1.121401752190238,0.9946686976389947,,1.0,1.5022354694485842,1.3290598290598292,,8.0
US-MT,2020-06-15,2.1705298013245033,1.0,,0.6367851622874807,0.9908396946564886,0.8774509803921569,0.9231863442389758,1.1058244462674325,0.9328301886792453,0.7586206896551725,1.5327102803738317,,0.8532763532763533,0.9903846153846154,1.0972006220839814,0.7529411764705882,1.261658031088083,1.2503128911138923,0.817974105102818,,0.7950138504155125,1.2086438152011922,1.4586894586894588,,12.0
US-MT,2020-06-22,3.698675496688742,1.1141732283464567,,0.9938176197836167,1.5618320610687024,0.9583333333333334,0.8349928876244666,0.9729286300246103,0.7252830188679245,0.9220032840722496,1.6502002670226967,1.0903703703703704,0.7464387464387465,1.0504807692307692,0.8055987558320373,1.413235294117647,0.9533678756476685,,0.7128712871287128,1.0855072463768116,1.4002770083102494,1.1162444113263785,1.3333333333333333,,8.0
US-MT,2020-06-29,1.7417218543046358,0.8818897637795275,0.739454094292804,0.704791344667697,0.9480916030534351,1.0351307189542482,0.9559032716927454,0.9253486464315012,0.7652830188679246,0.8218390804597702,1.0654205607476637,1.1451851851851853,1.0826210826210827,1.096153846153846,0.7488335925349923,1.1558823529411766,0.8367875647668394,1.0938673341677096,1.2353389185072352,0.863768115942029,1.3157894736842106,2.3040238450074515,1.3176638176638178,,15.0
US-MT,2020-07-06,1.5430463576158941,1.4133858267716535,0.674937965260546,0.7758887171561051,1.2000000000000002,1.097222222222222,1.0156472261735419,0.5758818703855619,1.058867924528302,0.993431855500821,1.17890520694259,1.0755555555555556,1.0854700854700856,0.9158653846153846,0.7807153965785381,0.7823529411764707,1.2227979274611398,1.0,0.5529322162985529,0.8246376811594203,1.4584487534626038,1.7123695976154993,1.43019943019943,,16.0
US-MT,2020-07-13,1.599337748344371,0.9186351706036745,,0.5973724884080371,1.3083969465648855,0.8088235294117647,0.995732574679943,0.6045939294503692,0.6649056603773585,0.69376026272578,0.9839786381842457,0.8044444444444444,1.376068376068376,0.6814903846153846,0.7884914463452567,0.8529411764705882,1.2512953367875648,1.178973717146433,0.607006854531607,1.434782608695652,1.0706371191135735,1.7093889716840538,1.1524216524216524,,37.0
US-MT,2020-07-20,1.5463576158940397,1.146981627296588,0.7531017369727047,0.6754250386398764,1.0,0.9019607843137254,0.8278805120910384,0.8662838392124693,0.979622641509434,0.9064039408866995,1.2309746328437918,1.2222222222222223,,0.7728365384615384,0.8584758942457231,1.4808823529411765,1.4935233160621761,0.9874843554443054,0.8408225437928407,1.143478260869565,0.8240997229916898,1.211624441132638,1.2621082621082622,,34.0
US-MT,2020-07-27,1.0413907284768211,0.984251968503937,0.9602977667493796,0.6174652241112829,0.9786259541984733,0.9983660130718954,0.8093883357041252,0.8736669401148484,0.9954716981132075,0.993431855500821,1.17890520694259,0.9866666666666667,1.0,0.9014423076923077,0.9595645412130638,1.0676470588235294,1.0505181347150259,1.392991239048811,0.7555217060167555,1.0,1.290858725761773,1.135618479880775,1.0,,34.0
US-MT,2020-08-03,0.9387417218543046,1.0288713910761154,,0.9976816074188564,1.1236641221374046,0.8970588235294118,0.7041251778093883,0.7621000820344545,1.0837735849056602,0.8316912972085386,1.3044058744993323,0.7866666666666666,1.0142450142450143,1.2608173076923077,0.6757387247278382,1.011764705882353,1.0155440414507773,1.0413016270337923,0.7897943640517897,0.926086956521739,1.2202216066481995,1.1147540983606559,0.9444444444444445,,39.0
US-MT,2020-08-10,,1.0118110236220472,,0.6244204018547141,1.6748091603053437,1.0147058823529411,0.7880512091038406,0.7711238720262511,1.1464150943396225,1.2274220032840721,1.2229639519359146,1.0,1.012820512820513,1.173076923076923,0.7589424572317263,0.8691176470588236,1.233160621761658,1.357947434292866,0.6336633663366337,1.0130434782608695,1.0678670360110805,1.4545454545454546,1.0982905982905984,,54.0
US-MT,2020-08-17,0.990066225165563,1.2322834645669292,0.7133995037220843,0.8253477588871716,0.7694656488549618,1.0351307189542482,,0.7891714520098441,0.8769811320754717,0.9729064039408867,1.300400534045394,0.7125925925925926,0.851851851851852,1.0156249999999998,0.8390357698289269,1.1044117647058824,0.7292746113989638,1.0275344180225283,0.8042650418888042,0.8840579710144927,0.8614958448753463,1.3293591654247392,0.8190883190883191,,53.0
US-MT,2020-08-24,0.9735099337748344,0.7559055118110236,0.6861042183622829,0.8191653786707882,1.3374045801526717,0.9509803921568628,1.0,0.9827727645611157,1.0090566037735849,0.9367816091954023,1.0,0.9051851851851852,0.886039886039886,0.8449519230769231,0.7433903576982893,0.9823529411764705,1.477979274611399,1.2540675844806006,1.0,0.7014492753623188,1.005540166204986,1.6140089418777943,1.5598290598290598,,53.0
US-MT,2020-08-31,0.9834437086092715,1.0341207349081365,1.0769230769230769,0.723338485316847,1.586259541984733,0.8766339869281046,0.7140825035561876,0.8334700574241182,0.9652830188679244,0.8908045977011494,0.8237650200267023,1.6740740740740743,0.6823361823361824,1.2896634615384615,0.7371695178849146,1.1926470588235294,1.1386010362694299,1.0150187734668334,0.6953541507996954,0.6942028985507246,1.2811634349030472,2.1773472429210132,1.3831908831908835,,54.0
US-MT,2020-09-07,1.2135761589403973,1.0958005249343832,0.8399503722084366,0.9064914992272025,0.9465648854961832,0.571078431372549,1.701280227596017,0.8416735028712059,1.1064150943396227,1.0,1.4005340453938584,1.7037037037037037,1.0441595441595442,,0.692846034214619,0.9955882352941177,0.9054404145077721,1.0863579474342928,0.9192688499619193,0.7188405797101449,1.4529085872576177,1.1594634873323397,1.2692307692307694,,39.0
US-MT,2020-09-14,1.0,1.0078740157480315,0.9801488833746899,0.9752704791344667,1.0549618320610687,0.8423202614379085,1.2332859174964437,0.8728465955701395,1.1260377358490565,0.8021346469622331,0.8344459279038718,1.7392592592592593,1.0,1.1875,0.8444790046656299,1.0,1.1373056994818653,0.9336670838548184,1.0365575019040365,0.6362318840579709,1.5955678670360112,1.700447093889717,1.4544159544159547,,45.0
US-MT,2020-09-21,0.814569536423841,1.2335958005249343,1.0,0.8299845440494591,1.297709923664122,0.8047385620915032,1.5433854907539117,0.7530762920426579,0.9456603773584905,0.9367816091954023,1.1201602136181577,1.84,0.7008547008547009,1.0625,0.8872472783825817,1.1676470588235295,1.2603626943005182,1.5118898623279098,1.1507996953541506,0.8434782608695652,2.0304709141274238,1.5499254843517138,1.7535612535612537,,117.0
US-MT,2020-09-28,1.1788079470198676,0.8018372703412073,1.1091811414392059,0.777434312210201,1.3816793893129773,0.7851307189542484,1.2873399715504978,0.3896636587366694,1.0158490566037737,1.068144499178982,0.9359145527369825,1.9777777777777776,1.2079772079772082,0.8701923076923077,0.9852255054432348,1.363235294117647,1.4209844559585494,1.2740926157697121,0.964965727341965,1.098550724637681,1.6911357340720223,0.9940387481371088,1.562678062678063,,57.0
US-ND,2020-03-30,0.702660406885759,,,1.028860028860029,1.247557003257329,0.7596302003081663,1.493939393939394,1.0,,0.6644295302013423,0.7086383601756955,1.5702247191011236,1.3169014084507045,0.7442307692307693,0.9984025559105432,1.1446886446886446,1.3815384615384616,0.7705779334500876,1.0,1.6523235800344234,1.382198952879581,0.9025210084033614,1.0498220640569396,,14.0
US-ND,2020-04-06,0.779342723004695,0.738404452690167,,0.9538239538239539,1.0472312703583062,0.822804314329738,1.1242424242424243,1.0576,0.8549931600547196,,0.7686676427525622,1.348314606741573,,0.9057692307692308,1.1565495207667733,0.7637362637362637,,0.649737302977233,1.0014947683109119,1.0757314974182446,1.406631762652705,1.080672268907563,1.3701067615658362,,8.0
US-ND,2020-04-13,1.029733959311424,0.7254174397031541,,0.8340548340548342,1.0,0.958397534668721,0.956060606060606,1.3936000000000002,0.8030095759233926,1.0,1.2503660322108343,1.4241573033707866,,0.975,0.6964856230031949,0.8791208791208791,1.833846153846154,0.809106830122592,1.0508221225710015,1.0860585197934596,0.9162303664921465,0.9411764705882352,0.7758007117437723,,12.0
US-ND,2020-04-20,0.8450704225352114,,,1.0173160173160174,0.745928338762215,0.7765793528505393,1.2757575757575759,0.7904000000000001,1.3406292749658004,,1.0717423133235726,1.0674157303370786,,1.0384615384615385,0.7316293929712461,0.8223443223443224,0.8169230769230769,0.914185639229422,1.3408071748878925,1.2444061962134252,1.1989528795811517,1.0,1.1245551601423487,,20.0
US-ND,2020-04-27,0.998435054773083,0.8348794063079777,,1.0822510822510822,0.9153094462540717,0.7072419106317411,0.7106060606060607,0.8256,1.0,0.9748322147651006,1.0014641288433381,1.0,,1.7307692307692306,0.9584664536741214,1.2014652014652014,1.5,1.2154115586690017,1.092675635276532,,0.8342059336823735,1.2134453781512604,1.0,,19.0
US-ND,2020-05-04,1.0829420970266042,,,1.0375180375180377,0.7361563517915309,0.8382126348228044,0.6712121212121213,0.9743999999999999,0.6812585499316006,,0.9985358711566619,1.3469101123595506,,0.975,0.9137380191693291,0.8956043956043955,1.12,0.9527145359019266,1.1300448430493273,1.0,0.8848167539267016,0.7277310924369748,0.8042704626334519,,20.0
US-ND,2020-05-11,1.1048513302034428,,,1.2121212121212122,1.1026058631921825,0.9260400616332819,0.8090909090909091,0.8848,1.3187414500683996,0.7197986577181208,0.7818448023426061,0.9241573033707865,1.125,0.7884615384615383,0.8083067092651757,1.23992673992674,0.7492307692307693,1.169877408056042,0.8131539611360239,1.0017211703958693,0.832460732984293,0.9781512605042016,0.8825622775800711,,20.0
US-ND,2020-05-18,0.780907668231612,0.9072356215213359,,0.6464646464646465,0.7638436482084692,1.2881355932203389,0.6787878787878789,1.0752,,0.9748322147651006,1.0,0.601123595505618,0.8609154929577465,1.0192307692307692,0.68370607028754,,1.0507692307692307,1.0700525394045535,0.9297458893871449,0.8950086058519794,1.1029668411867364,,,,22.0
US-ND,2020-05-25,,0.7792207792207793,,,1.009771986970684,0.711864406779661,1.0030303030303032,1.0256,0.9767441860465116,0.7751677852348994,0.7071742313323572,,,,,,1.3907692307692305,1.085814360770578,0.9103139013452914,,1.0087260034904013,0.7949579831932774,0.7473309608540926,,15.0
US-ND,2020-06-01,0.918622848200313,1.0315398886827458,,,0.7882736156351792,1.0,0.8575757575757577,0.6751999999999999,0.6621067031463749,,0.7994143484626647,,,0.8326923076923077,1.0686900958466454,0.9615384615384616,0.8876923076923077,1.1366024518388793,0.7548579970104633,0.8691910499139415,0.7731239092495636,,1.3558718861209964,,16.0
US-ND,2020-06-08,1.4679186228482004,0.9461966604823747,,1.0,0.6644951140065147,1.115562403697997,0.9121212121212121,1.272,0.8508891928864569,0.9748322147651006,0.7013177159590044,0.601123595505618,0.9330985915492958,1.0,1.36741214057508,,,0.8388791593695272,0.976083707025411,1.333907056798623,1.2094240837696333,0.8403361344537815,1.3612099644128115,,14.0
US-ND,2020-06-15,1.4679186228482004,0.966604823747681,,0.9018759018759019,0.745928338762215,1.3328197226502312,1.0575757575757576,1.1504,1.1682626538987688,0.8741610738255033,0.9604685212298681,,0.7887323943661972,1.3019230769230767,0.9984025559105432,0.9542124542124543,0.8169230769230769,0.8213660245183889,1.5097159940209266,0.9672977624784854,1.0,0.7361344537815125,0.7597864768683273,,19.0
US-ND,2020-06-22,1.0,0.87569573283859,,,1.211726384364821,1.1956856702619414,,0.9392,0.5731874145006841,,1.0131771595900438,0.8089887640449438,0.7570422535211268,0.9884615384615384,0.853035143769968,0.8644688644688644,0.7584615384615384,0.8073555166374782,0.7832585949177877,,1.0977312390924956,1.179831932773109,1.2864768683274022,,10.0
US-ND,2020-06-29,1.2629107981220657,,,,,1.073959938366718,,0.7264,1.0437756497948016,,,,,0.8730769230769231,1.1309904153354633,,1.1400000000000001,,1.3393124065769806,,,1.0218487394957982,1.101423487544484,,16.0
US-ND,2020-07-06,0.8654147104851331,0.7736549165120594,,,,1.2696456086286594,,1.1520000000000001,0.7852257181942545,0.8238255033557047,0.7642752562225475,,0.8274647887323945,1.325,1.0,0.8223443223443224,0.6907692307692308,1.096322241681261,0.7952167414050823,1.3115318416523236,0.9650959860383944,1.1747899159663866,0.8540925266903914,,29.0
US-ND,2020-07-13,0.7104851330203443,0.9962894248608535,,0.8037518037518038,0.755700325732899,0.938366718027735,,1.2048,1.0027359781121752,0.6929530201342282,0.6793557833089311,0.8412921348314607,1.0,0.9326923076923076,0.988817891373802,0.86996336996337,0.6507692307692309,0.9404553415061296,0.8490284005979072,0.8175559380378659,0.8830715532286212,0.9546218487394957,0.9555160142348754,,31.0
US-ND,2020-07-20,,,,0.823953823953824,0.9804560260586319,0.9445300462249614,0.7712121212121212,0.9312,0.9233926128590971,0.976510067114094,0.7291361639824305,0.8174157303370787,0.8961267605633803,0.9576923076923077,0.8785942492012779,1.1025641025641024,,1.0,0.8221225710014948,,,0.9243697478991596,1.108540925266904,,31.0
US-ND,2020-07-27,1.3646322378716746,1.072356215213358,,1.0317460317460319,,1.0200308166409862,0.7000000000000001,0.9248000000000001,1.1067031463748291,1.3926174496644297,0.8462664714494876,,0.9242957746478874,1.0096153846153846,1.0239616613418532,0.9816849816849818,0.6784615384615384,0.9562171628721541,0.9730941704035874,0.8313253012048194,0.8795811518324607,1.4134453781512606,0.8594306049822064,,38.0
US-ND,2020-08-03,1.13302034428795,1.0371057513914657,,1.0606060606060606,0.8762214983713356,0.9722650231124806,1.05,1.0928,1.1600547195622437,0.9899328859060403,1.0307467057101025,0.5955056179775281,,,1.487220447284345,,0.6846153846153846,1.10507880910683,1.0523168908819132,0.8020654044750432,0.8132635253054101,0.7831932773109244,0.994661921708185,,44.0
US-ND,2020-08-10,1.643192488262911,,,0.950937950937951,0.8729641693811075,1.0631741140215716,0.9212121212121213,1.4496,1.0,1.4345637583892619,1.2664714494875549,0.7233146067415731,0.9612676056338029,0.9500000000000001,1.135782747603834,,0.84,1.117338003502627,,0.8864027538726336,0.9162303664921465,1.1243697478991597,0.9715302491103203,,44.0
US-ND,2020-08-17,1.101721439749609,0.8404452690166977,,0.9725829725829727,0.9006514657980457,1.3651771956856702,0.6106060606060607,0.7728,0.8673050615595076,0.9446308724832214,1.061493411420205,,0.9207746478873241,0.7942307692307692,1.060702875399361,0.7930402930402931,,1.0052539404553416,0.8579970104633782,0.8657487091222033,0.8080279232111692,0.8621848739495798,0.806049822064057,,42.0
US-ND,2020-08-24,,,,0.6291486291486292,,0.9491525423728814,0.746969696969697,0.7888,0.960328317373461,1.2718120805369129,,0.6390449438202247,0.8345070422535212,1.1673076923076924,1.0,0.9542124542124543,0.86,1.0455341506129596,1.4035874439461884,0.8967297762478486,1.1413612565445026,1.1949579831932773,0.7935943060498221,,53.0
US-ND,2020-08-31,1.051643192488263,1.0,,0.7777777777777778,,1.340523882896764,1.103030303030303,1.0288,0.8413132694938441,0.8724832214765101,,1.2359550561797754,,1.2,1.2539936102236422,1.161172161172161,,0.9614711033274956,1.1031390134529147,0.7160068846815836,1.287958115183246,1.1445378151260504,1.094306049822064,,44.0
US-ND,2020-09-07,0.6510172143974962,0.961038961038961,,0.9336219336219336,1.1449511400651466,1.411402157164869,1.0515151515151517,0.9776,1.0123119015047881,1.2885906040268456,0.8404099560761347,1.467696629213483,1.3838028169014085,0.8365384615384615,1.4776357827476039,1.0,1.1384615384615384,1.8791593695271454,1.022421524663677,0.764199655765921,1.2425828970331587,0.9478991596638655,1.0693950177935942,,45.0
US-ND,2020-09-14,0.8200312989045384,,,0.963924963924964,0.7361563517915309,1.349768875192604,1.3545454545454545,1.0688,0.9630642954856362,1.3338926174496644,,1.2556179775280898,0.7147887323943661,1.25,1.255591054313099,1.0421245421245422,1.1676923076923076,0.9649737302977233,1.0523168908819132,0.7779690189328743,2.0802792321116925,1.1680672268907564,1.896797153024911,,80.0
US-ND,2020-09-21,0.6071987480438185,1.0389610389610389,,1.0692640692640694,1.236156351791531,1.559322033898305,1.0,1.9952,1.2859097127222983,1.0,1.0453879941434845,1.2317415730337078,0.8591549295774649,,0.6054313099041534,,0.7923076923076924,1.1243432574430823,0.9730941704035874,1.1049913941480207,1.956369982547993,1.184873949579832,1.414590747330961,,92.0
US-ND,2020-09-28,0.7073552425665102,0.8719851576994435,,0.873015873015873,1.0586319218241043,1.1833590138674883,1.6015151515151516,1.4591999999999998,1.1244870041039674,1.6057046979865772,1.0307467057101025,1.4087078651685392,0.8591549295774649,1.2326923076923078,0.9664536741214057,0.7435897435897435,1.0,1.2329246935201401,1.1345291479820627,0.7314974182444063,1.5916230366492143,0.9260504201680672,1.1565836298932384,,110.0
US-NH,2020-03-30,,0.7302752293577981,1.8178963893249607,,1.352903637523931,,1.5521343596920925,,,0.7266055045871559,,1.1406926406926405,1.327573253193088,0.9300476947535771,,1.0631205673758866,,0.7281861448968799,,2.059986366734833,,0.855822550831793,0.5679363274587834,4.01710730948678,53.0
US-NH,2020-04-06,,1.0642201834862384,,,1.2916400765794511,,1.5549335199440169,,,0.8380733944954128,,0.8685064935064936,1.05709992486852,1.0858505564387917,,1.2170212765957447,,0.9465891062929666,,1.4894342194955692,,0.7301293900184842,0.9334849346219444,2.9751166407465006,60.0
US-NH,2020-04-13,,0.982874617737003,1.4034536891679747,,1.2878111040204212,,1.1756473058082577,,,0.6986238532110092,,1.0984848484848484,1.0082644628099173,0.9353471118176999,,1.0460992907801419,,0.8498149127445795,,1.3265167007498297,,0.8564386937769563,1.0034110289937463,1.8040435458786936,46.0
US-NH,2020-04-20,,1.2489296636085627,1.5259026687598116,,1.0319081046585834,,1.0118964310706788,,,0.936697247706422,,1.0,0.912847483095417,0.9273979862215156,,1.0170212765957447,,1.0089899524061343,,1.3176550783912746,,0.8385705483672211,0.808413871517908,2.2115085536547436,46.0
US-NH,2020-04-27,,1.0623853211009173,1.0,,1.0682833439693682,,1.1189643107067881,,,0.5444954128440367,,1.2575757575757576,0.7888805409466566,0.9401165871754106,,1.0191489361702126,,1.0703331570597567,,1.0729379686434901,,0.8853974121996302,0.9090392268334281,2.486780715396579,39.0
US-NH,2020-05-04,,1.0978593272171253,1.6405023547880688,,0.8947032546266751,,0.8432470258922324,,,0.9247706422018348,,1.130952380952381,0.821938392186326,0.9448860625331212,,0.9943262411347518,,1.0401903754627182,,1.1479209270620314,,1.0,0.8106878908470722,1.433903576982893,36.0
US-NH,2020-05-11,,0.7877675840978593,1.511773940345369,,1.013401403956605,,0.7872638208537439,,,0.9692660550458715,,0.5887445887445888,0.7422990232907588,0.7419183889772125,,0.9397163120567376,,0.8593336858804865,,0.9120654396728017,,0.5009242144177449,1.0022740193291642,1.381026438569207,34.0
US-NH,2020-05-18,,0.9418960244648318,,,0.7760051052967454,,1.0594821553533942,,,0.6885321100917431,,0.6093073593073592,0.8459804658151765,1.055643879173291,,1.0,,1.0195663670015864,,1.340149965916837,,0.9722735674676525,1.1108584422967596,0.9860031104199067,72.0
US-NH,2020-05-25,,0.9357798165137614,1.5949764521193093,,0.6400765794511806,,0.8369489153254025,,,0.8077981651376146,,0.6542207792207791,0.6566491359879789,0.6878643349231585,,0.647517730496454,,0.9180327868852458,,0.6659850034083162,,0.8317929759704251,0.855031267765776,,30.0
US-NH,2020-06-01,,1.0134556574923548,1.249607535321821,,0.6885768985322271,,0.6655003498950315,,,0.8073394495412844,,0.6883116883116883,0.9263711495116453,0.9395866454689984,,0.7560283687943262,,0.9984135378106821,,0.7089297886843899,,0.862600123228589,0.9857873791927232,0.8584758942457231,38.0
US-NH,2020-06-08,,0.9798165137614678,1.4222919937205651,,0.5698787492022974,,0.6801959412176348,,,1.186697247706422,,0.8241341991341992,0.7896318557475582,0.8420773714891362,,0.8290780141843972,,0.8820729772607085,,0.9045671438309475,,0.9870609981515711,0.9181353041500852,,26.0
US-NH,2020-06-15,,0.7999999999999999,1.8618524332810047,,0.8002552648372686,,1.0,,,1.0325688073394497,,0.7803030303030303,0.6078136739293764,0.9284578696343402,,0.8411347517730496,,0.9481755684822845,,0.7900477164280845,,0.9550215650030807,0.8277430358158044,0.9440124416796268,38.0
US-NH,2020-06-22,,1.1559633027522933,1.2448979591836733,,1.04594767070836,,0.9531140657802659,,,0.8610091743119266,,0.49350649350649345,,1.1558028616852145,,0.8815602836879433,,1.3072448439978845,,1.0,,0.8552064078866297,0.8493462194428653,,11.0
US-NH,2020-06-29,,0.8611620795107033,1.4097331240188384,,0.8213146139119336,,0.628411476557033,,,0.9472477064220183,,0.6239177489177489,0.8264462809917356,1.0874403815580285,,0.6943262411347517,,1.0,,0.8139059304703476,,1.0166358595194085,0.9454235361000568,1.0637636080870918,7.0
US-NH,2020-07-06,,1.0140672782874616,1.6593406593406594,,0.9578813018506701,,0.9776067179846047,,,0.8802752293577982,,0.8051948051948052,0.8827948910593538,1.0169581346051935,,0.6574468085106383,,1.014806980433633,,0.9079754601226994,,1.2871226124460875,0.7794201250710632,,20.0
US-NH,2020-07-13,,1.1730886850152904,1.1412872841444268,,0.6075303126994256,,0.9251224632610218,,,1.1160550458715595,,0.7656926406926406,0.8745304282494365,0.8897721250662426,,1.021985815602837,,1.076679005817028,,1.3428766189502386,,1.0918052988293283,0.8419556566230814,1.0902021772939348,84.0
US-NH,2020-07-20,,0.8776758409785932,1.8979591836734693,,0.8391831525207403,,0.827851644506648,,,1.2862385321100918,,0.8051948051948052,0.9984973703981967,1.3942766295707472,,0.7163120567375887,,1.047065044949762,,0.9604635310156783,,1.2033271719038818,1.0727686185332577,1.115085536547434,15.0
US-NH,2020-07-27,,1.003669724770642,2.0156985871271584,,0.8532227185705169,,0.8425472358292512,,,1.341743119266055,,0.587121212121212,1.1532682193839219,1.0169581346051935,,1.2765957446808511,,0.8260179799048122,,0.9925017041581459,,0.9297597042513863,1.0380898237635021,0.8227060653188181,7.0
US-NH,2020-08-03,,1.0972477064220183,1.1679748822605966,,0.746011486917677,,0.6787963610916725,,,1.3224770642201833,,0.6975108225108225,0.8685199098422239,0.8871224165341811,,0.8106382978723404,,1.047065044949762,,1.0961145194274027,,1.1053604436229205,1.0346787947697555,0.8273716951788492,6.0
US-NH,2020-08-10,,0.9865443425076451,1.7017268445839875,,0.9285258455647735,,0.7956613016095171,,,1.3041284403669724,,0.5151515151515151,1.1728024042073628,1.135135135135135,,0.8531914893617021,,0.9931253305129562,,0.9107021131561008,,1.1571164510166358,1.0,,7.0
US-NH,2020-08-17,,1.2636085626911313,1.642072213500785,,0.8449266113592853,,0.7879636109167251,,,1.2091743119266054,,0.47997835497835495,1.1344853493613825,0.8071012188659247,,0.9297872340425531,,1.0507667900581703,,1.0470347648261757,,1.1916204559457795,1.069357589539511,,3.0
US-NH,2020-08-24,,1.023853211009174,1.5478806907378335,,0.9438417358008934,,0.9895031490552835,,,1.356880733944954,,0.46320346320346323,0.9451540195341848,1.0312665606783253,,0.7914893617021277,,0.9397144368059228,,0.9638718473074301,,1.1028958718422672,1.039795338260375,0.8071539657853811,3.0
US-NH,2020-08-31,,0.9743119266055045,2.4191522762951334,,1.0,,0.8775367389783065,,,1.0,,1.0173160173160174,0.9812171299774606,1.1070482246952835,,0.9170212765957447,,0.8286620835536753,,0.996591683708248,,1.126309303758472,0.9425810119386014,1.2597200622083982,4.0
US-NH,2020-09-07,,1.0,1.5918367346938775,,1.0433950223356734,,0.8691392582225332,,,1.0642201834862384,,1.0492424242424243,1.0,1.142024377318495,,1.0070921985815602,,1.005288207297726,,0.8984321745057942,,1.2181146025878002,1.3405343945423536,1.2612752721617417,3.0
US-NH,2020-09-14,,1.1944954128440366,1.4835164835164834,,0.562858966177409,,1.305108467459762,,,1.0981651376146788,,1.725108225108225,1.0413223140495866,1.0084790673025967,,0.875886524822695,,0.9397144368059228,,1.1935923653715066,,1.172520024645718,1.2251279135872655,1.0,4.0
US-NH,2020-09-21,,0.9308868501529052,2.113029827315542,,1.01148691767709,,1.1882435269419176,,,1.258256880733945,,1.20508658008658,1.26671675432006,1.0,,1.2312056737588652,,1.2374405076679005,,0.8404907975460123,,1.0776340110905729,1.2728823194997159,1.7418351477449456,11.0
US-NH,2020-09-28,,0.8103975535168195,1.9434850863422293,,0.560944479897894,,1.4471658502449265,,,1.629816513761468,,2.3246753246753245,1.1720510894064613,1.0498145204027556,,1.1148936170212767,,1.0280274986779483,,1.05453306066803,,0.7553912507701787,1.1262080727686186,1.8289269051321928,7.0
US-RI,2020-03-30,0.7721196690006366,1.0315352697095435,1.2427440633245381,1.2484076433121019,2.566906474820144,0.5299363057324841,1.9896296296296296,1.0425114453891433,0.8307952622673435,0.49614395886889456,1.1424501424501425,0.9884809215262779,1.5497237569060773,0.6719538572458544,1.0349182763744427,1.194300518134715,1.2991710625470987,0.7772657450076804,0.974510966212211,3.3360128617363345,1.2106038291605303,0.612212529738303,0.8654485049833888,3.4058252427184463,0
US-RI,2020-04-06,0.7702100572883513,1.021576763485477,1.1358839050131926,1.0665251238499647,1.8892086330935252,0.7968152866242039,2.0666666666666664,1.05297580117724,1.006204173716864,0.6066838046272494,1.2492877492877492,1.0338372930165587,1.1049723756906078,0.8795962509012256,0.8536404160475483,1.0233160621761659,1.1356443104747551,1.023809523809524,0.984588026081802,3.033762057877814,1.0876288659793814,0.8049167327517843,1.0988372093023258,2.7087378640776696,0
US-RI,2020-04-13,0.5550604710375557,0.8970954356846473,0.9815303430079156,1.1790516631280963,2.0402877697841726,0.7643312101910829,1.2785185185185186,0.86919555264879,0.9227298364354202,0.5989717223650386,0.9038461538461539,0.7638588912886969,1.4240331491712708,1.5082912761355445,0.8246656760772659,1.6049222797927463,2.2486812358703845,0.8678955453149002,0.92294013040901,2.54983922829582,0.8836524300441826,0.7779540047581286,1.0622923588039868,1.7514563106796115,605.0
US-RI,2020-04-20,0.8465945257797581,0.8904564315352697,1.0,1.2618542108987967,1.7712230215827338,0.8656050955414013,1.414814814814815,1.0307390451275344,1.0665538635081782,0.5571979434447301,0.7507122507122507,1.0,1.591160220994475,1.0937274693583274,1.053491827637444,1.173575129533679,1.217030896759608,1.1121351766513057,1.1440426793123888,1.8054662379421222,0.804860088365243,0.8437747819191119,0.9244186046511629,2.1805825242718444,86.0
US-RI,2020-04-27,0.47358370464672184,1.2854771784232364,0.6767810026385224,1.0608634111818824,1.8964028776978417,0.8585987261146497,1.6385185185185185,1.0196206671026815,1.0439932318104908,0.6137532133676092,0.8240740740740742,1.1799856011519079,0.9447513812154695,1.0295602018745493,0.6575037147102525,1.3808290155440415,0.917106254709872,0.8571428571428572,1.0373443983402488,2.053054662379421,1.0,1.0769230769230769,0.9186046511627908,1.1902912621359223,322.0
US-RI,2020-05-04,1.0509229789942711,0.9078838174273858,0.895778364116095,0.9674451521585279,1.5741007194244603,0.7802547770700637,1.425185185185185,1.026814911706998,0.9650310208685843,0.4620822622107969,1.0961538461538463,0.6997840172786177,1.0345303867403315,1.0,0.8053491827637443,1.2862694300518134,0.8854559155990958,0.9101382488479263,1.1286307053941909,1.1881028938906752,0.5964653902798233,0.9151467089611419,0.9676079734219271,0.8660194174757281,238.0
US-RI,2020-05-11,1.3558243157224696,1.0348547717842325,0.9327176781002638,1.0,1.2402877697841725,0.7541401273885351,1.5540740740740742,0.9986919555264879,0.8494077834179357,0.6613110539845758,1.0655270655270657,0.6954643628509719,1.0621546961325967,1.1240086517664023,0.7407132243684993,1.3588082901554406,0.9947249434815373,0.9892473118279571,0.9851807943094251,1.954983922829582,0.7879234167893961,0.6835844567803331,0.7591362126245849,0.9689320388349514,167.0
US-RI,2020-05-18,2.3099936346276255,0.9692946058091285,1.3456464379947228,0.9079971691436659,1.966906474820144,1.018471337579618,0.8888888888888888,0.7638979725310661,0.6943034404963339,0.7030848329048842,1.4985754985754987,0.6133909287257019,0.9447513812154695,0.6979091564527758,1.0,0.75,0.998492840994725,0.9777265745007682,0.8352104327208061,1.77491961414791,0.7437407952871871,0.9175257731958764,0.8820598006644518,1.0,162.0
US-RI,2020-05-25,1.3653723742838955,0.5286307053941909,0.7005277044854881,1.0665251238499647,1.3294964028776979,0.8923566878980892,0.7555555555555555,1.0,1.0,0.7982005141388174,0.7108262108262109,0.6112311015118791,0.9820441988950276,0.7887527036770007,0.7496285289747399,1.045336787564767,0.8960060286360212,0.9946236559139785,0.944279786603438,1.77491961414791,0.5471281296023564,0.7573354480570976,0.9343853820598007,,121.0
US-RI,2020-06-01,1.0,0.892116182572614,0.8759894459102902,0.7162066525123849,0.8345323741007193,0.7585987261146497,0.9214814814814815,1.0,0.8087986463620981,0.5218508997429305,0.915954415954416,0.5010799136069114,1.0925414364640884,0.6914203316510454,0.5950965824665676,1.2150259067357514,0.6036171816126601,1.1497695852534564,1.0,1.0,0.7452135493372606,0.84456780333069,1.1470099667774087,,74.0
US-RI,2020-06-08,0.9077021005728835,0.8539419087136928,,0.9179051663128096,1.466187050359712,1.126751592356688,1.4296296296296296,0.9535644211903205,0.7800338409475465,0.8888174807197943,0.8703703703703705,0.9265658747300215,1.1256906077348066,0.6878154289834174,0.6612184249628529,1.332901554404145,0.9050489826676714,1.0291858678955454,0.966212211025489,1.5868167202572347,0.6399116347569955,0.8501189532117368,1.068936877076412,,78.0
US-RI,2020-06-15,0.7097390197326543,0.5643153526970954,1.3100263852242744,0.805378627034678,1.2359712230215827,0.7815286624203822,1.3377777777777777,0.8534990189666449,1.0,0.6735218508997429,0.8582621082621084,0.8192944564434845,1.18646408839779,0.7317952415284787,0.7622585438335809,1.0401554404145077,0.8907309721175585,0.9592933947772658,1.037937166567872,1.2909967845659163,0.7636229749631811,0.796193497224425,0.972591362126246,0.9320388349514562,69.0
US-RI,2020-06-22,0.694462126034373,0.84149377593361,1.0765171503957784,0.9830148619957537,1.0949640287769784,0.856687898089172,1.2251851851851852,0.8508829300196207,0.9080654258319234,0.9845758354755784,0.8091168091168092,0.8891288696904247,1.4005524861878453,0.8745493871665466,1.0237741456166418,1.0,0.9306706857573473,1.075268817204301,0.5945465323058683,1.2588424437299035,0.6251840942562592,0.9183187946074545,0.9244186046511629,,62.0
US-RI,2020-06-29,0.6505410566518142,0.9593360995850623,,0.9299363057324841,1.2762589928057553,1.129936305732484,1.0148148148148148,1.0130804447351212,1.0129723632261705,1.0462724935732648,0.8319088319088319,0.638588912886969,1.1325966850828728,0.9632299927901947,0.9843982169390787,1.3238341968911918,0.972871137905049,1.0176651305683564,1.2845287492590398,1.5160771704180065,0.6612665684830633,0.7565424266455194,0.606312292358804,,35.0
US-RI,2020-07-06,0.7046467218332272,1.0,1.4168865435356202,1.0934182590233545,1.656115107913669,0.7955414012738854,1.3792592592592594,0.9607586657946371,0.8403835307388607,1.0,1.178774928774929,0.8365730741540676,1.4226519337016574,0.900504686373468,0.9442793462109955,1.221502590673575,1.0572720422004522,1.1359447004608294,0.922347362181387,1.1270096463022508,0.7665684830633285,0.7644726407613006,0.919435215946844,,32.0
US-RI,2020-07-13,0.7753023551877785,1.0290456431535269,1.216358839050132,1.094833687190375,1.768345323741007,1.0904458598726117,1.2355555555555555,0.9620667102681493,0.7614213197969543,0.8817480719794345,1.0085470085470085,0.5687544996400288,1.0,0.8305695746214853,1.1173848439821692,1.0660621761658031,0.9593067068575736,0.8932411674347159,1.0343805572021338,1.4469453376205788,0.5007363770250368,0.9484536082474228,0.9028239202657807,,37.0
US-RI,2020-07-20,0.6250795671546785,1.0439834024896264,0.9894459102902374,0.9370134465675867,1.1741007194244604,1.0050955414012739,1.16,0.6206671026814912,0.9644670050761421,0.8438303341902313,0.9116809116809118,0.8732901367890569,1.4475138121546962,0.9704397981254508,0.7949479940564635,1.2435233160621761,0.7317256970610401,0.9662058371735791,0.935388263189093,1.720257234726688,0.7312223858615611,0.865979381443299,0.6503322259136213,0.8776699029126213,58.0
US-RI,2020-07-27,0.5576066199872692,1.0174273858921161,1.0686015831134563,0.9603680113234253,1.2906474820143885,1.0732484076433122,1.3614814814814815,0.8731196860693263,0.6976875352509869,0.7030848329048842,1.1688034188034189,0.8430525557955364,1.1187845303867403,0.8521989906272531,0.9190193164933134,1.290155440414508,1.014318010550113,1.1175115207373272,1.1547125074096027,1.5836012861736335,0.7893961708394699,1.0674068199841398,0.7541528239202658,0.8504854368932038,65.0
US-RI,2020-08-03,0.7110120942075111,0.8539419087136928,1.0065963060686016,0.673036093418259,1.1611510791366906,0.9439490445859873,1.425185185185185,1.0706344015696534,1.110547095318669,1.0732647814910026,1.0790598290598292,0.6925845932325413,0.7790055248618784,0.8932948810382121,1.0104011887072808,0.8160621761658031,1.0,0.9178187403993855,1.1013633669235328,1.672025723472669,0.6104565537555228,1.0,0.8729235880398671,,100.0
US-RI,2020-08-10,0.45385105028644174,0.9195020746887966,0.8825857519788919,1.0792639773531492,1.3107913669064748,1.1248407643312102,1.5762962962962963,1.0333551340745586,1.0518894529046812,1.0154241645244215,1.0,0.8214542836573074,1.0151933701657458,1.083633741888969,0.9130757800891529,1.7331606217616582,1.091183119819141,1.0698924731182795,0.956135151155898,1.8520900321543408,0.6708394698085419,0.8263283108643934,1.0390365448504983,,69.0
US-RI,2020-08-17,0.6823679185232336,0.8439834024896266,0.6860158311345647,0.9936305732484075,1.5266187050359712,1.2254777070063694,1.0,1.0196206671026815,1.1601804850535815,1.044344473007712,0.8739316239316239,0.8120950323974081,1.5124309392265192,1.0439798125450614,1.0594353640416048,1.5181347150259068,1.0663149962321026,1.1804915514592933,1.0746887966804979,1.5289389067524115,0.7569955817378498,1.1665344964314037,1.1661129568106312,0.8582524271844659,80.0
US-RI,2020-08-24,0.47931253978357735,0.8655601659751037,0.7664907651715039,0.9667374380750177,1.330935251798561,1.0140127388535032,1.5614814814814812,1.1680837148463048,0.8313592780597857,0.9607969151670951,1.0954415954415955,0.7357811375089993,1.1436464088397789,1.0158615717375632,1.1664190193164932,1.1282383419689122,1.0459683496608894,1.0,1.1920569057498518,1.469453376205788,0.6413843888070693,0.8271213322759715,1.0456810631229236,0.8970873786407767,59.0
US-RI,2020-08-31,0.5410566518141311,1.1784232365145226,1.1912928759894459,0.9129511677282378,1.3928057553956834,1.0,1.5777777777777777,0.9005886200130805,1.1460800902425268,0.8226221079691517,0.727920227920228,0.8207343412526997,1.0842541436464088,0.6899783705839942,0.9427934621099553,1.3510362694300517,0.9721175584024115,1.164362519201229,0.8861885002963841,1.5385852090032155,0.7444771723122238,1.0745440126883428,0.8488372093023256,0.9805825242718446,68.0
US-RI,2020-09-07,0.5334182049649905,1.0605809128630703,1.0778364116094987,1.1854210898796886,1.4920863309352517,0.8802547770700637,1.8,1.130150425114454,1.2758037225042302,0.8611825192802056,0.8803418803418803,0.9575233981281498,1.5469613259668507,0.5811103100216295,1.5089153046062405,1.3290155440414508,0.8281838733986436,1.0937019969278035,0.8624777711914642,1.9019292604501608,0.8247422680412371,0.8556701030927835,1.0,1.2601941747572816,57.0
US-RI,2020-09-14,0.6721833227243794,1.0680497925311203,1.1147757255936674,0.953998584571833,1.0848920863309353,1.018471337579618,1.6533333333333333,1.0065402223675606,1.083474337281444,0.839974293059126,1.225071225071225,1.4701223902087834,1.319060773480663,0.8485940879596251,1.1433878157503714,1.1722797927461142,1.0158251695553882,0.9961597542242704,1.3888559573206876,1.2604501607717042,0.8667157584683357,1.0285487708168122,0.9518272425249171,,49.0
US-RI,2020-09-21,0.6282622533418204,0.8771784232365145,1.1820580474934037,1.154281670205237,1.1884892086330934,1.064968152866242,1.7155555555555555,0.8894702419882277,1.1584884376762548,1.1195372750642674,0.8034188034188035,1.4643628509719222,1.4185082872928176,0.9221341023792358,0.9873699851411588,1.5259067357512952,1.3813112283345892,1.1213517665130568,1.3011262596324835,1.7154340836012862,0.8379970544918999,1.12609040444092,1.3463455149501662,0.9184466019417475,32.0
US-RI,2020-09-28,0.6600891152132399,0.7186721991701245,0.9432717678100264,1.18966737438075,1.0,1.1031847133757962,1.4162962962962964,0.9483322432962721,1.0507614213197969,1.1908740359897172,1.0113960113960114,1.3916486681065512,1.3632596685082872,0.7548666186012979,0.8306092124814264,1.6036269430051815,0.8952524491333836,0.9508448540706607,1.0385299347954948,1.0032154340836013,1.0382916053019144,0.7422680412371134,1.1619601328903655,0.8601941747572814,110.0
US-SD,2020-03-30,1.0712250712250713,0.7243401759530792,0.6039119804400979,1.0719602977667493,1.0739795918367347,0.8520942408376964,1.345360824742268,1.467315716272601,1.0,,1.267766497461929,1.1595744680851063,1.2635327635327636,0.7478260869565218,1.0,0.7624020887728459,1.2577597840755737,0.9220963172804533,1.3779637377963738,2.115702479338843,1.5653450807635831,1.0056022408963585,1.3292231812577064,,22.0
US-SD,2020-04-06,0.9686609686609687,0.6935483870967742,,1.0297766749379653,1.191326530612245,0.8154450261780105,1.2925257731958761,0.8817802503477051,,,1.0393401015228425,1.6641337386018236,0.7720797720797721,1.153623188405797,0.8651399491094147,,1.477732793522267,0.8002832861189803,1.3668061366806137,1.6578512396694214,1.5242290748898681,1.1148459383753502,1.023427866831073,,21.0
US-SD,2020-04-13,,0.7052785923753665,0.656479217603912,0.7084367245657568,1.413265306122449,0.7918848167539267,0.577319587628866,0.6689847009735743,1.217562254259502,,1.3781725888324872,1.480243161094225,0.9886039886039887,1.1521739130434783,1.282442748091603,0.804177545691906,2.5384615384615383,1.046742209631728,0.6248256624825663,1.0,0.9530102790014685,0.7521008403361346,0.8840937114673243,,31.0
US-SD,2020-04-20,1.418803418803419,0.6964809384164222,0.5660146699266504,1.1066997518610422,1.0637755102040816,0.9397905759162304,0.6572164948453608,0.9179415855354658,1.1087811271297512,0.9379217273954116,0.8527918781725888,1.743161094224924,0.7421652421652422,0.9231884057971014,1.1641221374045803,,1.1875843454790824,1.06657223796034,2.1478382147838215,1.262809917355372,0.7650513950073422,0.9565826330532213,1.1565967940813813,,61.0
US-SD,2020-04-27,1.0954415954415955,0.8504398826979471,,0.8660049627791563,1.0561224489795917,1.0693717277486912,,1.004172461752434,0.8990825688073395,0.7503373819163293,0.9467005076142132,1.6367781155015197,,0.9942028985507246,1.2048346055979644,0.7885117493472584,0.8623481781376517,0.9390934844192635,1.0237099023709901,1.1735537190082643,1.2687224669603525,0.8949579831932774,0.905055487053021,,62.0
US-SD,2020-05-04,1.690883190883191,,0.7750611246943765,1.129032258064516,0.8813775510204082,0.7238219895287958,0.5940721649484537,1.026425591098748,1.0117955439056356,,1.1408629441624365,1.2082066869300911,0.7720797720797721,,0.8944020356234097,0.7819843342036553,,1.093484419263456,1.093444909344491,0.856198347107438,1.0323054331864905,1.0490196078431373,1.0517879161528976,,64.0
US-SD,2020-05-11,1.002849002849003,,,0.8300248138957816,0.8686224489795918,1.137434554973822,0.740979381443299,1.191933240611961,1.0615989515072084,,0.9682741116751269,1.0,0.7692307692307693,1.2594202898550724,1.3893129770992365,0.7206266318537858,0.6977058029689608,1.196883852691218,1.4741980474198049,0.8148760330578512,1.0,1.0028011204481793,0.8249075215782985,,51.0
US-SD,2020-05-18,0.7692307692307693,,,1.0124069478908189,1.0255102040816326,0.8049738219895288,,0.8734353268428373,1.0537352555701178,0.9325236167341431,1.0837563451776648,0.8586626139817629,,0.8014492753623188,1.0381679389312977,,0.8137651821862348,1.2096317280453257,1.3138075313807531,0.8512396694214877,1.0146842878120412,0.9327731092436975,1.0369913686806413,,52.0
US-SD,2020-05-25,,1.0117302052785924,,0.9354838709677419,,1.3036649214659688,0.7577319587628866,1.3143254520166896,0.8872870249017037,0.7759784075573549,1.086294416243655,0.8541033434650456,0.764957264957265,0.8884057971014492,0.748091603053435,,1.0,0.8328611898016998,,0.9074380165289256,1.013215859030837,1.2703081232492999,1.1344019728729964,,68.0
US-SD,2020-06-01,1.839031339031339,0.7609970674486803,,0.6439205955334988,,1.043193717277487,,0.8456189151599444,1.0117955439056356,0.8717948717948718,1.0761421319796955,,1.00997150997151,0.9536231884057971,,0.8093994778067886,,0.9150141643059491,1.094839609483961,0.9421487603305786,1.0220264317180616,0.9047619047619048,,,46.0
US-SD,2020-06-08,1.757834757834758,,,1.2022332506203472,0.8507653061224489,1.2853403141361257,,1.47009735744089,0.9239842726081258,1.155195681511471,0.9263959390862944,0.9559270516717325,0.717948717948718,0.9666666666666666,1.0089058524173027,,1.0364372469635628,,1.1408647140864714,0.8942148760330579,,0.7759103641456583,0.7607891491985204,,61.0
US-SD,2020-06-15,1.2336182336182338,,,1.3238213399503722,,1.6596858638743457,,1.1001390820584145,0.6906946264744429,1.0,0.9238578680203046,0.9924012158054711,,,1.0381679389312977,1.0,1.1686909581646423,0.8541076487252125,0.892608089260809,,0.958883994126285,1.1778711484593838,1.1602959309494452,,69.0
US-SD,2020-06-22,1.1467236467236468,0.9780058651026392,,1.0148883374689825,,0.9882198952879582,,1.0500695410292071,,1.222672064777328,1.0050761421319796,0.9361702127659575,1.002849002849003,1.2028985507246377,1.3282442748091603,,,0.8016997167138811,1.0,,0.9794419970631425,1.215686274509804,0.9617755856966709,,44.0
US-SD,2020-06-29,,,,,1.156887755102041,1.0,0.7177835051546392,1.2072322670375522,1.1035386631716908,0.9622132253711201,,0.8860182370820668,,1.0333333333333332,1.1208651399491094,,0.8043184885290148,0.9730878186968839,0.9944211994421199,,0.7988252569750368,1.0168067226890756,0.8951911220715166,,39.0
US-SD,2020-07-06,0.9145299145299146,,0.8594132029339854,1.1327543424317619,0.8188775510204082,0.9528795811518326,0.827319587628866,0.9777468706536857,1.2608125819134992,0.9487179487179487,1.00253807106599,,0.7378917378917379,1.0376811594202897,1.0521628498727735,0.7728459530026109,0.9662618083670715,0.9263456090651558,0.8089260808926081,1.2231404958677687,0.9970631424375919,1.3137254901960786,0.9580764488286067,,47.0
US-SD,2020-07-13,1.0,,0.6466992665036675,1.1464019851116625,1.5701530612244898,1.225130890052356,0.7770618556701031,1.1474269819193323,1.0484927916120577,1.2793522267206479,0.7195431472081218,,,1.0,1.3473282442748091,0.7232375979112271,1.263157894736842,1.2209631728045325,0.9107391910739191,0.8148760330578512,,0.9481792717086834,1.1689272503082615,,36.0
US-SD,2020-07-20,,0.9604105571847507,,1.1488833746898262,0.9770408163265306,1.3102094240837696,,1.1168289290681501,0.8099606815203145,1.1673414304993253,1.034263959390863,,0.9857549857549858,0.7333333333333333,0.8638676844783715,,1.1336032388663968,0.8753541076487252,1.3263598326359833,1.0,,,1.1270036991368682,,27.0
US-SD,2020-07-27,,1.162756598240469,1.0,0.8610421836228288,0.7270408163265306,1.492146596858639,,1.0,1.217562254259502,1.3373819163292848,0.817258883248731,,0.9529914529914532,,1.1819338422391856,,0.7854251012145749,0.9660056657223797,0.8117154811715481,0.9834710743801653,0.7459618208516887,0.8151260504201682,1.1454993834771887,,34.0
US-SD,2020-08-03,0.8504273504273504,0.8753665689149559,,0.7555831265508685,1.1505102040816326,1.2761780104712042,,0.8136300417246174,1.6290956749672345,1.3157894736842104,1.0368020304568528,1.278115501519757,1.1111111111111112,1.0420289855072464,1.162849872773537,,0.9055330634278003,0.7592067988668556,1.3765690376569037,,0.7342143906020558,,1.3822441430332923,,41.0
US-SD,2020-08-10,0.7065527065527066,,,0.9602977667493796,0.663265306122449,1.2356020942408377,,0.9262865090403337,1.4901703800786368,0.7840755735492577,1.351522842639594,0.8282674772036475,1.0,1.0695652173913042,0.9389312977099236,0.7114882506527416,0.7516869095816464,,0.7601115760111576,,0.7459618208516887,1.0,1.0,,40.0
US-SD,2020-08-17,1.5584045584045585,,0.5892420537897312,1.2109181141439205,0.9451530612244898,1.1701570680628273,,1.144645340751043,1.418086500655308,0.8569500674763832,1.2982233502538072,1.1610942249240122,1.2564102564102566,0.7666666666666666,1.5267175572519083,,,1.0,0.9679218967921898,0.8363636363636363,1.3127753303964758,1.1372549019607843,1.5955610357583232,,43.0
US-SD,2020-08-24,1.50997150997151,0.8841642228739003,0.6136919315403423,0.9416873449131513,0.8252551020408163,1.081151832460733,0.9497422680412372,1.3031988873435325,0.9501965923984272,1.174089068825911,1.118020304568528,,0.6837606837606838,1.0840579710144929,1.1501272264631042,0.7284595300261096,0.9635627530364372,1.1218130311614731,1.1827057182705718,1.0694214876033057,0.8854625550660794,0.969187675070028,1.086313193588163,,58.0
US-SD,2020-08-31,1.472934472934473,1.0,0.8471882640586798,1.0,1.0,1.442408376963351,1.229381443298969,0.9791376912378302,0.9829619921363041,0.8731443994601888,0.8210659898477157,1.121580547112462,0.7934472934472936,0.9217391304347826,1.1272264631043256,0.6370757180156658,0.7975708502024291,1.0297450424929178,1.900976290097629,1.0330578512396695,1.167400881057269,0.9551820728291317,1.3588162762022196,,62.0
US-SD,2020-09-07,0.792022792022792,0.9618768328445747,0.5709046454767727,0.9516129032258064,0.7793367346938777,1.1348167539267016,0.8878865979381443,0.8344923504867872,1.3394495412844039,1.3643724696356274,0.7893401015228426,2.3480243161094223,,1.143478260869565,1.7951653944020354,0.856396866840731,0.6005398110661269,1.13314447592068,1.596931659693166,0.8809917355371901,1.1424375917767988,0.65406162464986,1.178791615289766,,86.0
US-SD,2020-09-14,1.0213675213675215,0.6466275659824047,0.8765281173594133,1.2456575682382132,0.7448979591836735,1.1832460732984293,1.4780927835051547,1.1043115438108484,1.2581913499344692,0.728744939271255,0.7284263959390863,2.0288753799392096,1.1937321937321939,0.9115942028985506,0.8562340966921119,,1.05668016194332,0.9532577903682721,0.8312412831241283,1.203305785123967,1.377386196769457,0.957983193277311,1.5363748458692974,,123.0
US-SD,2020-09-21,,,0.8508557457212714,0.8362282878411911,,1.462041884816754,1.0966494845360826,1.152990264255911,1.3905635648754915,1.1484480431848851,1.262690355329949,2.1003039513677813,,0.8333333333333333,0.8575063613231552,0.9242819843342036,1.1632928475033737,1.378186968838527,1.01813110181311,0.8958677685950414,1.3157121879588842,1.145658263305322,1.62268803945746,,185.0
US-SD,2020-09-28,0.6481481481481481,0.7800586510263929,0.5696821515892421,1.0459057071960296,1.0612244897959184,1.205497382198953,1.0,0.987482614742698,1.3368283093053734,1.9163292847503373,1.0,1.1975683890577506,0.8062678062678064,0.8999999999999999,1.0725190839694656,,1.0634278002699056,1.162889518413598,1.3305439330543931,,0.8311306901615272,0.823529411764706,1.1072749691738595,,159.0
US-WY,2020-03-30,,,,,,,,0.7903780068728521,,,1.4232081911262797,,,,,,,,0.7097791798107256,,,,,,8.0
US-WY,2020-04-06,,,,,,0.6909871244635193,,0.8831615120274913,,,,,,,,,,,1.0157728706624607,,,,,,17.0
US-WY,2020-04-13,,,,,,0.47639484978540775,,1.1065292096219932,0.8102409638554217,0.6401179941002949,0.9931740614334471,,,,0.7094972067039106,,,,0.8990536277602524,,,,,,10.0
US-WY,2020-04-20,,,,,,,,0.7903780068728521,0.6596385542168675,,,,,,0.8268156424581006,,,,0.6908517350157729,,,,,,4.0
US-WY,2020-04-27,,,,,,,,,1.0271084337349399,1.0058997050147493,0.9726962457337883,,,,1.405027932960894,,,,0.8643533123028392,,,,,,6.0
US-WY,2020-05-04,,,,0.9278688524590165,,,,1.302405498281787,0.9879518072289156,0.7669616519174042,1.1569965870307166,,,,,,,,1.0883280757097793,,,,,,5.0
US-WY,2020-05-11,,,,0.9344262295081968,,,,0.8419243986254296,,,,,,,1.0,,,,0.8801261829652998,,,,,,5.0
US-WY,2020-05-18,,,,,,0.5686695278969957,,,0.743975903614458,,0.9863481228668942,,,,0.9385474860335195,,,,1.2460567823343849,,,,,,8.0
US-WY,2020-05-25,,,,,,,,,,0.7138643067846607,0.825938566552901,,,,,,,,,,,,,,7.0
US-WY,2020-06-01,,,,0.8622950819672132,,,,1.006872852233677,,0.775811209439528,0.8566552901023889,,,,0.717877094972067,,,,1.0,,,,,,5.0
US-WY,2020-06-08,,,,,,,,0.8213058419243986,,0.775811209439528,0.9795221843003413,,,,0.717877094972067,,,,,,,,,,3.0
US-WY,2020-06-15,,,,,,,,1.0,0.7319277108433736,,0.8122866894197951,,,,1.094972067039106,,,,,,,,,,7.0
US-WY,2020-06-22,,,,1.0,,,,0.9072164948453608,,,,,,,,,,,,,,,,,12.0
US-WY,2020-06-29,,,,0.8262295081967214,,0.6695278969957081,,,,,1.2491467576791808,,,,0.7374301675977654,,,,0.77602523659306,,,,,,7.0
US-WY,2020-07-06,,,,0.8295081967213115,,0.8755364806866953,,0.8900343642611683,,1.0,1.2150170648464163,,,,,,,,0.9242902208201893,,,,,,5.0
US-WY,2020-07-13,,,,0.9377049180327869,,0.5643776824034334,,,0.9126506024096386,0.7079646017699115,0.8976109215017064,,,,0.7346368715083799,,,,,,,,,,19.0
US-WY,2020-07-20,,,,0.9409836065573771,,,,1.1821305841924399,0.7078313253012049,,,,,,0.8659217877094972,,,,0.886435331230284,,,,,,15.0
US-WY,2020-07-27,,,,,,0.5171673819742489,,0.845360824742268,,0.8289085545722714,0.9180887372013651,,,,1.0558659217877093,,,,0.9936908517350158,,,,,,9.0
US-WY,2020-08-03,,,,0.8426229508196721,,,,,1.0843373493975905,0.8259587020648966,,,,,,,,,,,,,,,10.0
US-WY,2020-08-10,,,,0.7672131147540984,,0.9420600858369098,,,0.7379518072289157,1.176991150442478,,,,,1.100558659217877,,,,,,,,,,14.0
US-WY,2020-08-17,,,,0.8819672131147541,,1.0,,0.8694158075601374,0.6927710843373494,0.8112094395280236,0.7679180887372014,,,,0.893854748603352,,,,0.7981072555205047,,,,,,16.0
US-WY,2020-08-24,,,,1.4852459016393444,,0.7103004291845494,,0.9484536082474225,0.8644578313253013,0.9941002949852508,0.8088737201365188,,,,,,,,,,,,,,8.0
US-WY,2020-08-31,,,,,,0.6716738197424892,,1.0378006872852232,0.8072289156626506,0.7905604719764012,,,,,0.6871508379888268,,,,0.8990536277602524,,,,,,4.0
US-WY,2020-09-07,,,,0.7934426229508197,,,,0.852233676975945,0.746987951807229,0.8613569321533923,1.2764505119453924,,,,0.7541899441340782,,,,0.9022082018927444,,,,,,9.0
US-WY,2020-09-14,,,,1.1836065573770491,,0.6223175965665235,,0.9003436426116839,1.1686746987951808,0.9351032448377581,0.8566552901023889,,,,,,,,1.22397476340694,,,,,,15.0
US-WY,2020-09-21,,,,0.8983606557377051,,0.6351931330472103,,0.9209621993127148,0.9216867469879518,1.0501474926253687,0.7474402730375426,,,,0.7793296089385475,,,,0.7066246056782335,,,,,,19.0
US-WY,2020-09-28,,,,0.8524590163934427,,0.6995708154506437,,,1.0,1.271386430678466,1.0,,,,0.7569832402234636,,,,,,,,,,20.0
